{
  "benchmark": "tail_latency_analysis",
  "timestamp": "2026-01-21T00:00:15.579542",
  "config": {
    "num_samples_per_kernel": 1000,
    "num_seeds": 5,
    "hardware": "CPU (MPS available)"
  },
  "per_kernel": {
    "Attention": {
      "kernel": "Attention",
      "registry_size": 64,
      "n_samples": 1000,
      "mean_ms": 0.012092796954675578,
      "std_ms": 0.00330081617045444,
      "p50_ms": 0.01154149867943488,
      "p95_ms": 0.013752099403063765,
      "p99_ms": 0.02867474970116745,
      "min_ms": 0.010415998985990882,
      "max_ms": 0.056208999012596905
    },
    "GEMM": {
      "kernel": "GEMM",
      "registry_size": 128,
      "n_samples": 1000,
      "mean_ms": 0.012374588015518384,
      "std_ms": 0.0038283363515576488,
      "p50_ms": 0.011750002158805728,
      "p95_ms": 0.013917000615037978,
      "p99_ms": 0.03245841962780105,
      "min_ms": 0.010667001333786175,
      "max_ms": 0.05774999954155646
    },
    "LayerNorm": {
      "kernel": "LayerNorm",
      "registry_size": 32,
      "n_samples": 1000,
      "mean_ms": 0.010667285041563446,
      "std_ms": 0.0017918304085843965,
      "p50_ms": 0.010458999895490706,
      "p95_ms": 0.011793098565249236,
      "p99_ms": 0.016588162834523242,
      "min_ms": 0.009457999112783,
      "max_ms": 0.038207999750738963
    },
    "Softmax": {
      "kernel": "Softmax",
      "registry_size": 48,
      "n_samples": 1000,
      "mean_ms": 0.01076058104808908,
      "std_ms": 0.004019571385649268,
      "p50_ms": 0.010332998499507084,
      "p95_ms": 0.011374999485269655,
      "p99_ms": 0.019009999159607095,
      "min_ms": 0.009708001016406342,
      "max_ms": 0.10191700130235404
    }
  },
  "overall": {
    "n_samples": 4000,
    "mean_ms": 0.011473812764961622,
    "std_ms": 0.0034377638400180863,
    "p50_ms": 0.010959000064758584,
    "p95_ms": 0.013083001249469817,
    "p99_ms": 0.026249999791616574,
    "min_ms": 0.009457999112783,
    "max_ms": 0.10191700130235404
  },
  "viability_assessment": "EXCELLENT - Real-time viable (P99 < 1ms)",
  "conference_table": {
    "Attention": {
      "P50": 0.01154149867943488,
      "P95": 0.013752099403063765,
      "P99": 0.02867474970116745
    },
    "GEMM": {
      "P50": 0.011750002158805728,
      "P95": 0.013917000615037978,
      "P99": 0.03245841962780105
    },
    "LayerNorm": {
      "P50": 0.010458999895490706,
      "P95": 0.011793098565249236,
      "P99": 0.016588162834523242
    },
    "Softmax": {
      "P50": 0.010332998499507084,
      "P95": 0.011374999485269655,
      "P99": 0.019009999159607095
    },
    "All_kernels": {
      "P50": 0.010959000064758584,
      "P95": 0.013083001249469817,
      "P99": 0.026249999791616574
    }
  }
}